<?xml version="1.0" encoding="UTF-8"?>
<project-private xmlns="http://www.netbeans.org/ns/project-private/1">
    <editor-bookmarks xmlns="http://www.netbeans.org/ns/editor-bookmarks/2" lastBookmarkId="0"/>
    <open-files xmlns="http://www.netbeans.org/ns/projectui-open-files/2">
        <group>
            <file>file:/C:/Users/niwdeyen/Desktop/Info%20Plataforma/calificar/Listas/src/listas/ArrayQueue.java</file>
            <file>file:/C:/Users/niwdeyen/Desktop/Info%20Plataforma/calificar/Listas/src/listas/ArrayStack.java</file>
            <file>file:/C:/Users/niwdeyen/Desktop/Info%20Plataforma/calificar/Listas/src/listas/IQueue.java</file>
            <file>file:/C:/Users/niwdeyen/Desktop/Info%20Plataforma/calificar/Listas/src/listas/LinkedStack.java</file>
            <file>file:/C:/Users/niwdeyen/Desktop/Info%20Plataforma/calificar/Listas/src/listas/Validate.java</file>
            <file>file:/C:/Users/niwdeyen/Desktop/Info%20Plataforma/calificar/Listas/src/listas/ConvertBase.java</file>
            <file>file:/C:/Users/niwdeyen/Desktop/Info%20Plataforma/calificar/Listas/src/listas/Listas.java</file>
        </group>
    </open-files>
</project-private>
